Website,Logo_URL
https://www.amatocouture.com,https://encrypted-tbn0.gstatic.com/images?q=tbn:ANd9GcSR5pVVMU4FKGQM25b8f2JxpIAm43D2jio8nQ&s
https://www.thehouseofnomad.com,https://encrypted-tbn0.gstatic.com/images?q=tbn:ANd9GcRJJ_ekkMdBSmXucrhvxLZDdJzjdHs443v-Uw&s
https://www.xbdcollective.com,https://media.licdn.com/dms/image/v2/D4D0BAQHVH1uYzZ8h8Q/company-logo_200_200/company-logo_200_200/0/1706160321884/xbdcollective_logo?e=2147483647&v=beta&t=fD-ze5cny2NwsQQEZ0098C96yLbUiLA5UNCW-U1lHQc
https://www.lwdesign.com,https://st4.depositphotos.com/5040187/19695/v/450/depositphotos_196956684-stock-illustration-logo-swoosh-ellipse-green-letter.jpg
https://www.bluecameldesign.com,https://media.licdn.com/dms/image/v2/D4D0BAQEOkEKp_bofvg/company-logo_200_200/company-logo_200_200/0/1683189129547/bluecameldesign_logo?e=2147483647&v=beta&t=K9Q92_KWyAg92fY4RaVPXCtVHQk4yBMees0IYDaojrc
https://www.wilsonassociates.com,https://encrypted-tbn0.gstatic.com/images?q=tbn:ANd9GcSAM8lV7cTaPu2XPym3nvTfsDZaLc5SMYVuTg&s
https://www.dubaidet.gov.ae,https://encrypted-tbn0.gstatic.com/images?q=tbn:ANd9GcS9XlFgmiAoAt7GfSgbxFvXhB8ffUrif_33pA&s
https://www.dubaipulse.gov.ae,https://encrypted-tbn0.gstatic.com/images?q=tbn:ANd9GcT4FFAknagqyIJDqNaSBLcmlNggoRuA8jx6Ig&s
https://www.oxfordeconomics.com,https://images.seeklogo.com/logo-png/30/3/oxford-economics-logo-png_seeklogo-300674.png?v=1955308659696699056
https://www.difc.ae,https://cdn.brandfetch.io/difc.ae/fallback/lettermark/theme/dark/h/256/w/256/icon?c=1bfwsmEH20zzEfSNTed
https://www.emiratesnbd.com,https://images.ctfassets.net/opz1rk40r4ou/2fn0gRC1InFNBOHCVqfWIs/20b64cec07d8fa0c1599e7db53d5b5be/enbd_logo_380x380.jpeg
https://www.dubaichamber.com,https://encrypted-tbn0.gstatic.com/images?q=tbn:ANd9GcTlVbqISgBQXK4SSpDCuzD765hDu063xmu9mA&s
https://www.birmingham.ac.uk/dubai,https://logowik.com/content/uploads/images/birmingham-city-fc3977.jpg
https://www.amityuniversity.ae,https://encrypted-tbn0.gstatic.com/images?q=tbn:ANd9GcRk0Vq42GaB9tnCxEbuc6v88P85Sxv-Yp123g&s
https://synergy.university,https://encrypted-tbn0.gstatic.com/images?q=tbn:ANd9GcTPtIBe8pjVqiWKv6UTngHI2dp8D6yuZTNfCg&s
https://www.mdx.ac.ae,https://encrypted-tbn0.gstatic.com/images?q=tbn:ANd9GcRN4XCMnEXxK55EWER4uUgkB7j2nKamlteN1A&s
https://www.dmcc.ae,https://encrypted-tbn0.gstatic.com/images?q=tbn:ANd9GcQpYKRysH1QKJgjm3QFeMyXf6gXUGQnkdDB0g&s
https://www.investindubai.gov.ae,https://encrypted-tbn0.gstatic.com/images?q=tbn:ANd9GcT6Z6xqxfBDY3vQI_OOSQZcEVPPxJ-gbmAuVw&s
https://www.dubaifdi.gov.ae,https://encrypted-tbn0.gstatic.com/images?q=tbn:ANd9GcSHVXUeymyJp7vdofba8HgRs1q6EotQ9Nsntg&s
https://www.emiratesinvestmentbank.com,https://encrypted-tbn0.gstatic.com/images?q=tbn:ANd9GcTwiPFxvw0fPEawrUYC1Oapz5xKTQ20kWA0Ig&s
https://www.gulfanalytica.com,https://encrypted-tbn0.gstatic.com/images?q=tbn:ANd9GcRxgmPqUx8biyCZblCDFPZXE5IUskyH-oA_ug&s
https://www.dm.gov.ae,https://encrypted-tbn0.gstatic.com/images?q=tbn:ANd9GcR7tgtFSqjoMKVZ1p_4zVbvKipPcfcQDpatGQ&s
https://www.bits-pilani.ac.in/dubai,https://encrypted-tbn0.gstatic.com/images?q=tbn:ANd9GcR0qnq5fMwJLS4DGYjWafXw5nW2N7ofRpj9Lw&s
https://www.rit.edu/dubai,https://encrypted-tbn0.gstatic.com/images?q=tbn:ANd9GcQiXH80xBf45jd7Y0aLPDWT6juQomi2xHUFbg&s
https://www.dewa.gov.ae,https://d1yjjnpx0p53s8.cloudfront.net/styles/logo-thumbnail/s3/0021/6863/brand.gif?itok=y1rrx0oU
https://www.ega.ae,https://encrypted-tbn0.gstatic.com/images?q=tbn:ANd9GcQtSUdq1gdbLUlgBJkjW_VFzkiYS6GZQsg9vQ&s
https://www.dpworld.com,https://encrypted-tbn0.gstatic.com/images?q=tbn:ANd9GcT9UC8dJeHRKb0OPxiTnW9piWDwAfPqCpLY6w&s
https://www.atkinsrealis.com,https://encrypted-tbn0.gstatic.com/images?q=tbn:ANd9GcSzEPEm50-9cicsgxuDJG-5oBa9rpa9i6ihuQ&s
https://www.parsons.com,https://encrypted-tbn0.gstatic.com/images?q=tbn:ANd9GcT1Tr4NdALRqHaU16-L1aEBjWxutNR7HG0Z3Q&s
https://www.aecom.com,https://yt3.googleusercontent.com/7jT4wxZIRchk2CWrioY1UoUtJWeuFwhU-yhknqrO_BMC7Ays1nx2u-S2PQsyvJTLAgYX25rN=s900-c-k-c0x00ffffff-no-rj
https://www.khatibalami.com,https://media.licdn.com/dms/image/v2/C4D0BAQHh7jATR5D0OQ/company-logo_200_200/company-logo_200_200/0/1631353631656?e=2147483647&v=beta&t=G6KZCvfoG62JwZIJ0Qhs04WlKxBem1uKQ-H1vsYWbxI
https://www.emiratessteel.com,https://encrypted-tbn0.gstatic.com/images?q=tbn:ANd9GcQnx9ej-QxQEWb5WA0RxvyTzaNRVqevi8TVDA&s
https://daep.gov.ae,https://encrypted-tbn0.gstatic.com/images?q=tbn:ANd9GcSZKZX1lNO2-2DmWqrKpzVFWnxtGG7aQJ9rfg&s
https://www.masdar.ae,https://images.seeklogo.com/logo-png/50/2/masdar-logo-png_seeklogo-509093.png
https://www.dubai-technologies.com,https://encrypted-tbn0.gstatic.com/images?q=tbn:ANd9GcQlYB_9UwPuqiy1pnMXNHyBl-X7bMM9jAbf3Q&s
https://www.emiratesengineering.com,https://encrypted-tbn0.gstatic.com/images?q=tbn:ANd9GcSkmzkFeSn9kF-QgnMEpGQIuzxKPa0TMJyHAg&s
https://www.dha.gov.ae,https://www.cdnlogo.com/logos/d/64/dha.svg
https://www.dhcc.ae,https://encrypted-tbn0.gstatic.com/images?q=tbn:ANd9GcStJT9woBcHyyileuy0Fz2LyKXsAL-Xj_7PEg&s
https://healthservehhc.co,https://encrypted-tbn0.gstatic.com/images?q=tbn:ANd9GcTaV_QL8rCNI8dD78cksVcH8YP3jlEelgPPZQ&s
https://sidrahc.com,https://d1yjjnpx0p53s8.cloudfront.net/styles/logo-thumbnail/s3/082024/sidra_medicine_0.jpg?1V3K.AqWNxMi9Idl.vmM5F3dIjwnFPy1&itok=V2eR2cSF
https://www.medcare.ae,https://encrypted-tbn0.gstatic.com/images?q=tbn:ANd9GcRAycBc-dfOI_cv-_PQFN6oy5IyZjzuSmMNpw&s
https://www.asterdmhealthcare.com,https://encrypted-tbn0.gstatic.com/images?q=tbn:ANd9GcRy5lqXlMmF9xwzMfPNNq_-io4H5mB29sBOBg&s
https://www.zulekhahospitals.com,https://encrypted-tbn0.gstatic.com/images?q=tbn:ANd9GcSvQbWtoND_-Einf6QAmGshtxvCy3Hbq8hlig&s
https://www.sghdubai.ae,https://encrypted-tbn0.gstatic.com/images?q=tbn:ANd9GcT681JIVSaH2n_lk-owkhWb1Y2kVgJbvj55Iw&s
https://www.thumbay.com,https://encrypted-tbn0.gstatic.com/images?q=tbn:ANd9GcTajNSTfm6Ln-abE8PXiovXz9UaOY4M-avJUA&s
https://www.ahdubai.com,https://encrypted-tbn0.gstatic.com/images?q=tbn:ANd9GcSXrsEtbL7Vr0O9FcGPpYzm8UziLcUHnkPnPg&s
https://www.nmchealthcare.com,https://encrypted-tbn0.gstatic.com/images?q=tbn:ANd9GcRvzPQjDaSaFIYmthroiYmVwxo9q6yPpWGk-w&s
https://www.alzahra.com,https://encrypted-tbn0.gstatic.com/images?q=tbn:ANd9GcTYD3fEz9Qf8vBLewhFrCmBaZUNZmMBadH0Xw&s
https://montgohealth.com,https://encrypted-tbn0.gstatic.com/images?q=tbn:ANd9GcTHCw2ZnLKlksOAa2t_XYF6S7IfGKcS9u4-Mg&s
https://arabianhomecare.com,https://encrypted-tbn0.gstatic.com/images?q=tbn:ANd9GcTrF2oGumkEE0r6ndyMUGqUEwgJSEbuB-6_hA&s
https://www.emirateshospital.ae,https://encrypted-tbn0.gstatic.com/images?q=tbn:ANd9GcQRA8MUbAxtVmRf5JCCKNPFC7syls2KPk6mPA&s
https://www.digitalnexa.com,https://encrypted-tbn0.gstatic.com/images?q=tbn:ANd9GcSdF-6J43HyI3M53WyEk2WcAIo2erFHymI0zA&s
https://healthcare-marketing.agency,https://media.licdn.com/dms/image/v2/D4D0BAQH3WLjn-56RtQ/company-logo_200_200/company-logo_200_200/0/1690454928710/healthcaremarketingagency_logo?e=2147483647&v=beta&t=B5JR0SrwnDewREG_DR3fNp6ISKKWKM8hotygyO0TslM
https://bloomingvelocity.com,https://encrypted-tbn0.gstatic.com/images?q=tbn:ANd9GcTydsQ_f6DV04pO9NBv1UAAS6kH38wvXAylmA&s
https://www.mediasearchgroup.com,https://media.licdn.com/dms/image/v2/C560BAQEZ1rphLfGivQ/company-logo_200_200/company-logo_200_200/0/1631320180143?e=2147483647&v=beta&t=cobuU3ZWLf1UeKgRGlW0HkIAV6zFsaRgAJmIVbIuJ3M
https://redberries.ae,https://encrypted-tbn0.gstatic.com/images?q=tbn:ANd9GcT3Z9NPY3YlWFAGJ244VyPyzK8MGngnVd6JMQ&s
https://www.wisoftsolutions.com,https://encrypted-tbn0.gstatic.com/images?q=tbn:ANd9GcRwkYK6GTs6DFwO7Y3vixTBVV8C1kUzMi_ZEA&s
https://www.emiratesgraphic.com,https://encrypted-tbn0.gstatic.com/images?q=tbn:ANd9GcQtbg4Dms5yAK_pAUO8abfvzssky1L_qc-lyg&s
https://www.grafdom.com,https://encrypted-tbn0.gstatic.com/images?q=tbn:ANd9GcTdmk0USWr-Enf-7RUH28-_LHPddXRSnU3mUg&s
https://www.royex.ae,https://pbs.twimg.com/profile_images/903652324366745601/cDY-Bld7_400x400.jpg
https://www.zazz.io,https://encrypted-tbn0.gstatic.com/images?q=tbn:ANd9GcQtNKnggHb084GuHRwbTmwljNuT1v_78d_vLg&s
https://www.evox.ae,https://encrypted-tbn0.gstatic.com/images?q=tbn:ANd9GcTboIUPf2Iuts1iw9EKEzicKUNMMcM8aOFjaQ&s
https://browser.ae,https://encrypted-tbn0.gstatic.com/images?q=tbn:ANd9GcQ9PfZX5sqccQI8SXc2H390190CDim-JRvIeQ&s
https://www.groovedigital.agency,https://pbs.twimg.com/profile_images/1275085264247910401/ihNvO5RI_400x400.jpg
https://ninjapromo.io,https://cdnwebsite.databox.com/wp-content/uploads/2022/03/25164725/logo_gray-500x500-min.png
https://www.incrementors.com,https://encrypted-tbn0.gstatic.com/images?q=tbn:ANd9GcSbIC7dD320lupxqBu1NZNY2gcRMhjQZwaWtg&s
https://www.si3.ae,https://encrypted-tbn0.gstatic.com/images?q=tbn:ANd9GcRoPx8xJxP6a9MIUHHPaGOMPeeAaqaXff_OIw&s
https://dubaimonsters.com,https://ww1.prweb.com/prfiles/2016/02/10/13208850/gI_60313_DubaiMonsters-LOGO-WHITE.png
https://www.branex.ae,https://encrypted-tbn0.gstatic.com/images?q=tbn:ANd9GcSOiUVG_fk21H2dFPZqZ5ZWOsEeSx3xnnEPqA&s
https://www.bluebeetle.ae,https://encrypted-tbn0.gstatic.com/images?q=tbn:ANd9GcTOD3OxQdJ_GP_qgj10Q4MArW4OHESHAIy3sA&s
https://www.digitalgravity.ae,https://encrypted-tbn0.gstatic.com/images?q=tbn:ANd9GcQ_dY5ncn7E0F5P9gEtRUvd2F170IZbOd-bbA&s
https://healthservehhc.co,https://encrypted-tbn0.gstatic.com/images?q=tbn:ANd9GcTaV_QL8rCNI8dD78cksVcH8YP3jlEelgPPZQ&s
https://sidrahc.com,https://encrypted-tbn0.gstatic.com/images?q=tbn:ANd9GcSz5Pnqx-Q4qPg0PRaut8BvbTaENJWJRIFXlA&s
https://arabianhomecare.com,https://encrypted-tbn0.gstatic.com/images?q=tbn:ANd9GcTrF2oGumkEE0r6ndyMUGqUEwgJSEbuB-6_hA&s
https://montgohealth.com,https://encrypted-tbn0.gstatic.com/images?q=tbn:ANd9GcTHCw2ZnLKlksOAa2t_XYF6S7IfGKcS9u4-Mg&s
https://www.emirateshomenursing.ae,https://www.yello.ae/img/ae/b/1690979512-26-emirates-home-nursing.jpg
https://homehealthcaredubai.com,https://encrypted-tbn0.gstatic.com/images?q=tbn:ANd9GcTTy0PoOZ162RyJ_EJ4Cs5mjSx5mukFQkPFTw&s
https://www.nightingaleuae.com,https://encrypted-tbn0.gstatic.com/images?q=tbn:ANd9GcTK96RkO-dMghvlqct9ZDRsRZbCzeefxnpc-Q&s
https://www.caremark.ae,https://yt3.googleusercontent.com/ytc/AIdro_lto4qEnF49yM-61LZVuQ6L33qFIsbSq_W4l-6g1V9yEQ=s900-c-k-c0x00ffffff-no-rj
https://www.health2home.ae,https://encrypted-tbn0.gstatic.com/images?q=tbn:ANd9GcTvnrowv-NRK2Fjz5DWWkPmEifscfVcYuGDdQ&s
https://elitehomehealthcare.ae,https://encrypted-tbn0.gstatic.com/images?q=tbn:ANd9GcQQ7rrZkzS32n5-Udv089erbecGU1Uz9jvDkw&s
https://www.manzilhealth.com,https://media.licdn.com/dms/image/v2/C510BAQGg2aIDN9QIIw/company-logo_200_200/company-logo_200_200/0/1631414473205/manzil_health_care_services_logo?e=2147483647&v=beta&t=xnu55smqUjigZWqTy6iaVdMefH3HnjljXXEyX-xYyhA
https://alleanzahomehealthcare.com,https://pbs.twimg.com/profile_images/1463133834933907460/s1NxPBWH_400x400.jpg
https://dynamichomehealthcare.com,https://encrypted-tbn0.gstatic.com/images?q=tbn:ANd9GcQJEitKazqXkHznkGRFR4_dQvBtTMeJn3QxzA&s
https://uaehomecare.com,https://encrypted-tbn0.gstatic.com/images?q=tbn:ANd9GcSReqPm3QzS13N4N_s8ruUFa8gDK_XfxbmBRg&s
https://thukherhomecare.com,https://thehealthyhome.me/img/28ac91f2-6bff-422d-8dba-d80db168fd81/thh-new-logo-1200.jpg
https://bluestarhomehealthcare.com,https://lh6.googleusercontent.com/proxy/TbjjHF6iH9l7oqjJlVy2qXqMTaSrWRUaq8vjEeW1MqvLt2FBtD2M2ajgVCvKaynmdtP_us0DTwtDCnUErHQpZp3w7I9ds3IRoQ
https://hayathomehealthcare.com,https://encrypted-tbn0.gstatic.com/images?q=tbn:ANd9GcSiLvjEEe8KBlsgZd_3iZeF9PByZNGKnBvCFw&s
https://primehomecare.ae,https://encrypted-tbn0.gstatic.com/images?q=tbn:ANd9GcTviwvolPGV5No1GQKvO3Srd1_7i6jGN4XO8Q&s
https://altadawihomehealthcare.com,https://encrypted-tbn0.gstatic.com/images?q=tbn:ANd9GcQoHEhShc519ikRLsmA1IxuWRO7Om2UI3ozVw&s
https://serenityhomehealthcare.ae,https://encrypted-tbn0.gstatic.com/images?q=tbn:ANd9GcQBjli6nLJkRUUzvEfYuQbzx-Tyv3rzrCYptw&s
https://www.noon.com,https://mir-s3-cdn-cf.behance.net/projects/404/31906a217549479.Y3JvcCw4MDgsNjMyLDAsMg.png
https://www.amazon.ae,https://encrypted-tbn0.gstatic.com/images?q=tbn:ANd9GcRc0L9pU1IjqhK0u8GC0kQBXDB2sj_nd4UDVQ&s
https://www.ounass.ae,https://i.tracxn.com/logo/company/d8e088c96a356806b939ec145fba
https://www.namshi.com,https://encrypted-tbn0.gstatic.com/images?q=tbn:ANd9GcR5sELH8W867-FHZ229q8AcU99movECDnQrUg&s
https://www.dubizzle.com,https://encrypted-tbn0.gstatic.com/images?q=tbn:ANd9GcQ5hsfDswvoVZTi7I8UjJzcxkugr9LOnjUASg&s
https://www.carrefouruae.com,https://encrypted-tbn0.gstatic.com/images?q=tbn:ANd9GcSiUVvCZHpTIzBcmtIft3rBtF4PKDiIMPmwQA&s
https://www.sharafdg.com,https://encrypted-tbn0.gstatic.com/images?q=tbn:ANd9GcR0ipPM_47DKYYfz0He2GkpFiRZkfKKO76tvQ&s
https://www.desertcart.ae,https://encrypted-tbn0.gstatic.com/images?q=tbn:ANd9GcSOaqXvKeuymVhJLVW24POJTKMjogrSLp43gg&s
https://www.mumzworld.com,https://images.inphota.com/rewards/sponsors/6/d/4/6d4f983f881d141b58464526738fd9f790859e0f.png
https://www.dubaistore.com,https://encrypted-tbn0.gstatic.com/images?q=tbn:ANd9GcSaStRN30UwK4kZPXkSHjPYTIeluaypHPBz-Q&s
https://www.letstango.com,https://media.licdn.com/dms/image/v2/C4D0BAQEMum4lq8C0eQ/company-logo_200_200/company-logo_200_200/0/1636024338186/lets_tango_logo?e=2147483647&v=beta&t=QfNe_Jpg9h0KDFFMr9nFXCcHDbMv4rgQNa0IiH6EIxU
https://www.basharacare.com,https://gesewhocolors.com/wp-content/uploads/2012/11/gese-bashara-horizontal.jpg
https://www.ikea.ae,https://encrypted-tbn0.gstatic.com/images?q=tbn:ANd9GcSb7XfXcfcvxv3Vv3Sfcgh5DuN37zkhv7kaCQ&s
https://www.groupon.ae,https://logowik.com/content/uploads/images/groupon2441.jpg
https://www.yougotagift.com,https://play-lh.googleusercontent.com/gPXfcn9EDZAVtxGzCuVTBZHv8pcqRwbxhXsYAvxO9Xj-Eb2ZUDkrml3tZvbYaj12ZA
https://www.sivvi.com,https://encrypted-tbn0.gstatic.com/images?q=tbn:ANd9GcSX0_lKKCWTmTEikQNCRhPX89D5zfGx0IuriQ&s
https://www.buyondubai.com,https://encrypted-tbn0.gstatic.com/images?q=tbn:ANd9GcQqPDqVaqoWxmauq3ocd0WVyCmkYaSycx3V4A&s
https://www.jumbo.ae,https://encrypted-tbn0.gstatic.com/images?q=tbn:ANd9GcQI_68DdviwB-E4gbUhJ3GdHCA8XUMw_Htvpg&s
https://www.whizz.ae,https://encrypted-tbn0.gstatic.com/images?q=tbn:ANd9GcRyNcEpOVBX_VUItvSsXXd_eEuO1sKPIn_CJw&s
https://www.resthero.io,https://encrypted-tbn0.gstatic.com/images?q=tbn:ANd9GcSRLPB4T3GNQqSDKAAHwIRCcSgLj0l1wOcQ2Q&s
https://www.emaar.com,https://encrypted-tbn0.gstatic.com/images?q=tbn:ANd9GcQ2iRFXnoYcpsRRqjuypC-uTfDx2ZdooK_bfw&s
https://www.propertyfinder.ae,https://encrypted-tbn0.gstatic.com/images?q=tbn:ANd9GcT1APG0mZk1Sg1W-eP4cCypAAfjGnuo-CMU-w&s
https://www.bayut.com,https://upload.wikimedia.org/wikipedia/commons/d/df/Bayut-logo.png
https://www.dubizzle.com,https://encrypted-tbn0.gstatic.com/images?q=tbn:ANd9GcQ5hsfDswvoVZTi7I8UjJzcxkugr9LOnjUASg&s
https://www.damacproperties.com,https://images.seeklogo.com/logo-png/33/1/damac-properties-logo-png_seeklogo-339541.png
https://www.nakheel.com,https://encrypted-tbn0.gstatic.com/images?q=tbn:ANd9GcQ99SiUJ6OsQo8FlGep41nsnC26Qd-AM4SAnA&s
https://www.dp.ae,https://www.dp.ae/images/Dubai-Properties-Logo.png
https://www.hausandhaus.com,https://encrypted-tbn0.gstatic.com/images?q=tbn:ANd9GcTZo-Itly5t8iR7bOgWLbWbuUNdCJYXco-TjA&s
https://www.drivenproperties.com,https://storage2.emirates.estate/static/p/dm8nck/mlov4umjb96f/driven.jpg
https://www.luxhabitat.ae,https://media.licdn.com/dms/image/v2/C4D0BAQGeXZ4Y-ZPoPg/company-logo_200_200/company-logo_200_200/0/1679502215204/luxhabitat_logo?e=2147483647&v=beta&t=2ZvTVj5pRIdotEeoW_zikEVnBKbA5ef2JsDV03u7s8c
https://www.gulfsothebysrealty.com,https://encrypted-tbn0.gstatic.com/images?q=tbn:ANd9GcSIx9wP-NF7IifD6afMHKoUh2AlO3FofDIHwA&s
https://www.elysian.com,https://mixmasterdesigns.com/wp-content/uploads/2024/03/elysian.png
https://www.bhomes.com,https://encrypted-tbn0.gstatic.com/images?q=tbn:ANd9GcTJbvOuqzeMnCUQ4Pam229ltJuwF-xCdvx3kw&s
https://www.dacha.ae,https://encrypted-tbn0.gstatic.com/images?q=tbn:ANd9GcRV6PqP2of66tndQkKXkpts-xlBJUyKba_Rqg&s
https://www.propertyshoma.com,https://encrypted-tbn0.gstatic.com/images?q=tbn:ANd9GcSYzvdprGY5O3ASP0h6v1YAtozRoeBS9dM9mw&s
https://www.noon.com,https://mir-s3-cdn-cf.behance.net/projects/404/31906a217549479.Y3JvcCw4MDgsNjMyLDAsMg.png
https://www.amazon.ae,https://i.pinimg.com/originals/01/ca/da/01cada77a0a7d326d85b7969fe26a728.jpg
https://www.ounass.ae,https://i.tracxn.com/logo/company/d8e088c96a356806b939ec145fba
https://www.namshi.com,https://weareducklife.com/wp-content/uploads/2023/11/namshineon.jpeg
https://www.carrefouruae.com,https://encrypted-tbn0.gstatic.com/images?q=tbn:ANd9GcSiUVvCZHpTIzBcmtIft3rBtF4PKDiIMPmwQA&s
https://www.sharafdg.com,https://encrypted-tbn0.gstatic.com/images?q=tbn:ANd9GcR0ipPM_47DKYYfz0He2GkpFiRZkfKKO76tvQ&s
https://www.mumzworld.com,https://images.inphota.com/rewards/sponsors/6/d/4/6d4f983f881d141b58464526738fd9f790859e0f.png
https://www.dubaistore.com,https://encrypted-tbn0.gstatic.com/images?q=tbn:ANd9GcSaStRN30UwK4kZPXkSHjPYTIeluaypHPBz-Q&s
https://www.letstango.com,https://media.licdn.com/dms/image/v2/C4D0BAQEMum4lq8C0eQ/company-logo_200_200/company-logo_200_200/0/1636024338186/lets_tango_logo?e=2147483647&v=beta&t=QfNe_Jpg9h0KDFFMr9nFXCcHDbMv4rgQNa0IiH6EIxU
https://www.basharacare.com,https://gesewhocolors.com/wp-content/uploads/2012/11/gese-bashara-horizontal.jpg
https://www.ikea.ae,https://encrypted-tbn0.gstatic.com/images?q=tbn:ANd9GcSSV0CbC4jeVa2Pqxfa1iIDP51Chfou04dZYA&s
https://www.sivvi.com,https://play-lh.googleusercontent.com/azUHqY2d8ynfz5-SX3DQPvV1OV7JxhGFvnQk2BORGqrVc37zK4bE-qNQGWSgAmWfSw
https://www.jumbo.ae,https://alainmall.net/wp-content/uploads/2020/11/jumbologo-e1604833992849.jpg
https://www.danubehome.com,https://encrypted-tbn0.gstatic.com/images?q=tbn:ANd9GcRPDoSGpdyjYSn7ml7kKtDg3EB18QczdQvjdA&s
https://www.brandsforless.ae,https://encrypted-tbn0.gstatic.com/images?q=tbn:ANd9GcSwpV5SLi_ZGRCU2XPDoUMqMAxD6jXdS0FsSg&s
https://www.dubizzle.com,https://logosandtypes.com/wp-content/uploads/2020/07/Dubizzle.png
https://www.noon.com,https://mir-s3-cdn-cf.behance.net/projects/404/31906a217549479.Y3JvcCw4MDgsNjMyLDAsMg.png
https://www.amazon.ae,https://i.pinimg.com/originals/01/ca/da/01cada77a0a7d326d85b7969fe26a728.jpg
https://www.propertyfinder.ae,https://www.generalatlantic.com/wp-content/uploads/2018/11/property-finder-lockup-english-clay-rgb-hr-clear-1.png
https://www.bayut.com,https://upload.wikimedia.org/wikipedia/commons/d/df/Bayut-logo.png
https://www.sharafdg.com,https://encrypted-tbn0.gstatic.com/images?q=tbn:ANd9GcR0ipPM_47DKYYfz0He2GkpFiRZkfKKO76tvQ&s
https://www.namshi.com,https://weareducklife.com/wp-content/uploads/2023/11/namshineon.jpeg
https://www.ounass.ae,https://i.tracxn.com/logo/company/d8e088c96a356806b939ec145fba
https://www.dubaistore.com,https://encrypted-tbn0.gstatic.com/images?q=tbn:ANd9GcSaStRN30UwK4kZPXkSHjPYTIeluaypHPBz-Q&s
https://www.letstango.com,https://media.licdn.com/dms/image/v2/C4D0BAQEMum4lq8C0eQ/company-logo_200_200/company-logo_200_200/0/1636024338186/lets_tango_logo?e=2147483647&v=beta&t=QfNe_Jpg9h0KDFFMr9nFXCcHDbMv4rgQNa0IiH6EIxU
https://www.carrefouruae.com,https://encrypted-tbn0.gstatic.com/images?q=tbn:ANd9GcSiUVvCZHpTIzBcmtIft3rBtF4PKDiIMPmwQA&s
https://www.jumbo.ae,https://alainmall.net/wp-content/uploads/2020/11/jumbologo-e1604833992849.jpg
https://tobuz.com,https://encrypted-tbn0.gstatic.com/images?q=tbn:ANd9GcRJ9fhGpBOvxEHvmJwbvlOB7iRgFVKlzWGR8A&s
https://www.mumzworld.com,https://images.inphota.com/rewards/sponsors/6/d/4/6d4f983f881d141b58464526738fd9f790859e0f.png
https://www.sivvi.com,https://play-lh.googleusercontent.com/azUHqY2d8ynfz5-SX3DQPvV1OV7JxhGFvnQk2BORGqrVc37zK4bE-qNQGWSgAmWfSw
https://dubaistartuphub.com,"https://images.crunchbase.com/image/upload/c_pad,f_auto,q_auto:eco,dpr_1/oghqlet5rnwhtrud2acx"
https://www.investindubai.gov.ae,https://encrypted-tbn0.gstatic.com/images?q=tbn:ANd9GcT6Z6xqxfBDY3vQI_OOSQZcEVPPxJ-gbmAuVw&s
https://www.dmcc.ae,https://seeklogo.com/images/D/dmcc-logo-8D028DF416-seeklogo.com.png
https://www.vz.ae,https://encrypted-tbn0.gstatic.com/images?q=tbn:ANd9GcRSs45I3qmP5kdt3kLMS1OBSJu3iKtufo-uIw&s
https://www.shuraa.com,https://encrypted-tbn0.gstatic.com/images?q=tbn:ANd9GcQvOhv30hcesI9wzwGQqFrVak-pygyiTngTkw&s
https://dea.ae,https://encrypted-tbn0.gstatic.com/images?q=tbn:ANd9GcRipguxG9dtxFe_g8IbWybE8DZtMMU4LVFkiw&s
https://www.startanybusiness.ae,https://encrypted-tbn0.gstatic.com/images?q=tbn:ANd9GcROEFmy3E8Lv3h0SZ0jYyILzql7IkbNTYBnUw&s
https://www.dubaifdi.gov.ae,https://seeklogo.com/images/D/dubai-fdi-logo-7BCB223141-seeklogo.com.png
https://mindcloudtribe.com,"https://images.crunchbase.com/image/upload/c_pad,f_auto,q_auto:eco,dpr_1/anqazi7bmnrqm3hmjtyk"
https://avyanco.com,https://encrypted-tbn0.gstatic.com/images?q=tbn:ANd9GcS8SqLwNEtB-hVDiW7rZ-hPTMHdTAHmNFPL4Q&s
https://chooseuae.com,https://encrypted-tbn0.gstatic.com/images?q=tbn:ANd9GcTtMX85M-gOT48E6qF_AYVw47qk9vgKZ9o85w&s
https://spcfz.ae,https://media.licdn.com/dms/image/v2/C560BAQG5Bk9ZbyQwVQ/company-logo_200_200/company-logo_200_200/0/1630648131757?e=2147483647&v=beta&t=9FaxyBph2854IxCi2Vjezp_lIYw2RhVaOzWgoYNH4Ok
https://kgrnaudit.com,https://encrypted-tbn0.gstatic.com/images?q=tbn:ANd9GcQujrxXyBR17vjYof-lIjTGXmzhjhPUO7Wg3g&s
https://www.dubaichamber.com,https://encrypted-tbn0.gstatic.com/images?q=tbn:ANd9GcTlVbqISgBQXK4SSpDCuzD765hDu063xmu9mA&s
https://filings.ae,https://play-lh.googleusercontent.com/7TfNi_dKd9EE4EkUIPUB78oGrBAloxi6AsbFeKvPr2i9fO9a1ABz-yGNAE1c7Zw4Nd4
https://www.dubizzle.com,https://logosandtypes.com/wp-content/uploads/2020/07/Dubizzle.png
https://www.yallamotor.com,https://images-platform.99static.com/oBqMJ0e_c4ig1GFQHMmmj8aUuOo=/500x500/top/smart/99designs-contests-attachments/16/16620/attachment_16620838
https://www.autotraderuae.com,https://encrypted-tbn0.gstatic.com/images?q=tbn:ANd9GcSAgJdyiiYw8UcH19GHoTN6w-Uqn7fToBPdgw&s
https://www.carswitch.com,https://encrypted-tbn0.gstatic.com/images?q=tbn:ANd9GcQXIU6R3kJtKvFUzlaLR2vPH8uCh8bDjmlTog&s
https://www.oneclickdrive.com,https://encrypted-tbn0.gstatic.com/images?q=tbn:ANd9GcQLi1XwIGB5ovr-Anc3a4jODoHj23Y9QjKQIw&s
https://www.emiratesauction.com,https://encrypted-tbn0.gstatic.com/images?q=tbn:ANd9GcRMx4tBX5ewawX4kuktsn_jAPpKRJ66QZpHpg&s
https://www.dubicars.com,https://media.licdn.com/dms/image/v2/D4D0BAQEah2-PrC3sNQ/company-logo_200_200/company-logo_200_200/0/1714108437633/dubicars_logo?e=2147483647&v=beta&t=9y1mkL2hyhY6RBTFC6aBCWbApmh6iETA6Pe539NLZ8w
https://www.seez.co,https://encrypted-tbn0.gstatic.com/images?q=tbn:ANd9GcQuoc8c2uiMmPrMjHReYN7T8eL9HDQQfHN48g&s
https://www.awrostamani.com,https://encrypted-tbn0.gstatic.com/images?q=tbn:ANd9GcTfA-aoa-9XP3yA6GrwfUoCVtGiofgdAfuIUA&s
https://www.altayermotors.com,https://play-lh.googleusercontent.com/KYGm4NBHhMnE_O4Hq7Jc01yCzzgAVciOFq7CbbPlIuhJG4NjIicwKT8RAU7cEmTuFg=w600-h300-pc0xffffff-pd
https://www.alfuttaim.com/automotive,https://encrypted-tbn0.gstatic.com/images?q=tbn:ANd9GcSA9Hvfl0oF8RS7R0dy4A8wdNDh8SDs1KYR5Q&s
https://www.libertyautos.com,https://encrypted-tbn0.gstatic.com/images?q=tbn:ANd9GcTHDX6hNFbrNXP-d5asm2XlGkx_R_-ILm9X_w&s
https://www.gargashauto.com,https://encrypted-tbn0.gstatic.com/images?q=tbn:ANd9GcSFOUYUOOfgeoZ5KQ1Ufp1AIGO2QQXFiX4pzg&s
https://www.elitecarsdxb.com,https://encrypted-tbn0.gstatic.com/images?q=tbn:ANd9GcQ0pesOXQxQwMzJVuNT9ZWLFzGR3BjLUs3PGA&s
https://www.driftcarrental.com,https://encrypted-tbn0.gstatic.com/images?q=tbn:ANd9GcQlPjZolO2rfD0VFGGzGLk02VnnP_AG_NG5Aw&s
https://muzz.com,https://encrypted-tbn0.gstatic.com/images?q=tbn:ANd9GcRbTnASElrMw397WLe40xCpXb_1HMyETad-Tw&s
https://www.muslima.com,https://encrypted-tbn0.gstatic.com/images?q=tbn:ANd9GcS3TjEy5f6B7mUFhZfkhni64niPG0VOVL4u-g&s
https://www.lovehabibi.com,https://cdn-1.webcatalog.io/catalog/lovehabibi/lovehabibi-icon-filled-256.webp?v=1714777850720
https://www.eharmony.com,https://encrypted-tbn0.gstatic.com/images?q=tbn:ANd9GcQwNW_ujHOZ6Xcrj6KVPxi8MuEkWiQe4Mg8AA&s
https://www.match.com,https://www.logo-designer.co/storage/2021/02/2021-collins-new-logo-design-dating-site-match.png
https://tinder.com,https://static.dezeen.com/uploads/2017/08/tinder-redesign-graphics_dezeen_sq-1.jpg
https://bumble.com,https://brandlogo.org/wp-content/uploads/2024/05/Bumble-Logo-300x300.png.webp
https://www.happn.com,https://d1yjjnpx0p53s8.cloudfront.net/styles/logo-thumbnail/s3/052015/happen_logo.png?itok=FpE9DJGI
https://www.okcupid.com,https://encrypted-tbn0.gstatic.com/images?q=tbn:ANd9GcTFY01UT9VT_OenhbHXI5nLo-uqvW8-jnVVjg&s
https://badoo.com,https://images.seeklogo.com/logo-png/53/1/badoo-logo-png_seeklogo-530789.png
https://www.dubaimatchmaker.com,https://encrypted-tbn0.gstatic.com/images?q=tbn:ANd9GcTRnDdub14C3DMbQRSMnFqGnJkxcYVjElHnZw&s
https://cinqe.com,https://encrypted-tbn0.gstatic.com/images?q=tbn:ANd9GcQVt1c2cnI2eWUtSeac655LcN6keParQ7P-eA&s
https://maclynninternational.com,https://media.licdn.com/dms/image/v2/C560BAQEuEkEz7y9nqg/company-logo_200_200/company-logo_200_200/0/1655898351269/maclynninternational_logo?e=2147483647&v=beta&t=_hErN9GrMogMh9-vT-xFICynQC-hSQaXM7GEyWuusd4
https://www.elitesingles.com,https://www.elitesingles.co.uk/runway/static/cd/en_GB_elite/cheetah/seo/og.jpg
